id,reg,dis,con,ward
1,DODOMA,KONDOA,KONDOA KUSINI,PARANGA
2,DODOMA,MPWAPWA,MPWAPWA,MATOMONDO
3,DODOMA,MPWAPWA,NA,LUMUMA
4,DODOMA,KONGWA,KONGWA,UGOGONI
5,DODOMA,KONGWA,KONGWA,KONGWA
6,DODOMA,DODOMA RURAL,MTERA,MVUMI MISSION
7,DODOMA,DODOMA RURAL,BAHI,CHIBELELA
8,DODOMA,DODOMA RURAL,BAHI,BAHI
9,DODOMA,DODOMA URBAN,DODOMA MJINI,CHILANGA
10,DODOMA,DODOMA URBAN,DODOMA MJINI,HOMBOLO
11,DODOMA,DODOMA URBAN,DODOMA MJINI,NALA
12,ARUSHA,MONDULI,MONDULI,SELELA
13,ARUSHA,MONDULI,MONDULI,ENGARUKA
14,ARUSHA,ARUMERU,ARUMERU MASHARIKI,MAJIYA CHAI
15,ARUSHA,ARUMERU,ARUMERU MASHARIKI,KIKWE
16,ARUSHA,ARUMERU,ARUMERU MAGHARIBI,KIRANYI
17,ARUSHA,ARUSHA,ARUSHA  MJINI,TERRAT
18,ARUSHA,ARUSHA,ARUSHA  MJINI,DARAJA MBILI
19,ARUSHA,ARUSHA,ARUSHA  MJINI,SOMBETINI
20,ARUSHA,KARATU,KARATU,RHOTIA
21,ARUSHA,KARATU,KARATU,GANAKO
22,ARUSHA,NGORONGORO,NGORONGORO,DIGODIGO
23,ARUSHA,NGORONGORO,NGORONGORO,NGORONGORO
24,KILIMANJARO,ROMBO,ROMBO,KELAMFUA MOKALA
25,KILIMANJARO,ROMBO,ROMBO,OLELE
26,KILIMANJARO,ROMBO,ROMBO,KIRONGO SAMANGA
27,KILIMANJARO,MWANGA,MWANGA,MSANGENI
28,KILIMANJARO,MWANGA,MWANGA,KWAKOA
29,KILIMANJARO,SAME,SAME MASHARIKI,NDUNGU
30,KILIMANJARO,SAME,SAME MAGHARIBI,MAKANYA
31,KILIMANJARO,MOSHI RURAL,VUNJO,MWIKA KUSINI
32,KILIMANJARO,MOSHI RURAL,MOSHI VIJIJINI,KIMOCHI
33,KILIMANJARO,MOSHI RURAL,VUNJO,KIRUA VUNJO MASHARIKI
34,KILIMANJARO,HAI,HAI,MASAMA MASHARIKI
35,KILIMANJARO,HAI,SIHA,SIHA KATI
36,KILIMANJARO,HAI,HAI,HAI MJINI
37,TANGA,KOROGWE,KOROGWE VIJIJINI,MASHEWA
38,TANGA,LUSHOTO,LUSHOTO,LUSHOTO
39,TANGA,KOROGWE,KOROGWE VIJIJINI,KERENGE
40,TANGA,KOROGWE,KOROGWE MJINI,KOROGWE
41,TANGA,KOROGWE,KOROGWE VIJIJINI,MAGOMA
42,TANGA,MUHEZA,MUHEZA,MISALAI
43,TANGA,MUHEZA,MUHEZA,BWEMBWERA
44,TANGA,TANGA,TANGA MJINI,CHONGOLEANI
45,TANGA,PANGANI,PANGANI,BWENI
46,TANGA,PANGANI,PANGANI,TUNGAMAA
47,TANGA,HANDENI,HANDENI,MAZINGARA
48,TANGA,HANDENI,HANDENI,KOMKONGA
49,TANGA,HANDENI,HANDENI,CHANIKA
50,TANGA,KILINDI,KILINDI,KWEDIBOMA
51,MOROGORO,KILOSA,KILOSA,MSOWERO
52,MOROGORO,KILOSA,GAIRO,MANDEGE
53,MOROGORO,MOROGORO RURAL,MOROGORO KUSINI MASHARIKI,MKUYUNI
54,MOROGORO,KILOMBERO,KILOMBERO,LUMELO
55,MOROGORO,KILOMBERO,KILOMBERO,IDETE
56,MOROGORO,ULANGA,ULANGA MASHARIKI,VIGOI
57,MOROGORO,ULANGA,ULANGA MASHARIKI,LSONGO
58,MOROGORO,MOROGORO URBAN,MOROGORO MJINI,KINGO
59,MOROGORO,MOROGORO URBAN,MOROGORO MJINI,MAZIMBU
60,MOROGORO,MOROGORO URBAN,MOROGORO MJINI,MWEMBESONGO
61,MOROGORO,MOROGORO URBAN,MOROGORO MJINI,KIHONDA
62,MOROGORO,MVOMERO,MVOMERO,MTIBWA
63,MOROGORO,MVOMERO,MVOMERO,KANGA
64,MOROGORO,MVOMERO,MVOMERO,KIKEO
65,PWANI,BAGAMOYO,BAGAMOYO,MAGOMENI
66,PWANI,BAGAMOYO,CHALINZE,CHALINZE
67,PWANI,KIBAHA,KIBAHA MJINI,VISIGA
68,PWANI,KISARAWE,KISARAWE,MZENGA
69,PWANI,MKURANGA,MKURANGA,NYAMATO
70,PWANI,RUFIJI,RUFIJI,CHUMBI
71,PWANI,MAFIA,MAFIA,JIBONDO
72,DAR-ES-SALAAM,KINONDONI,KINONDONI,HANANASIF
73,DAR-ES-SALAAM,ILALA,ILALA,LLALA
74,DAR-ES-SALAAM,KINONDONI,KINONDONI,NDUGUMBI
75,DAR-ES-SALAAM,KINONDONI,KINONDONI,MAKUMBUSHO
76,DAR-ES-SALAAM,KINONDONI,KINONDONI,TANDALE
77,DAR-ES-SALAAM,KINONDONI,KINONDONI,MWANANYAMALA
78,DAR-ES-SALAAM,KINONDONI,KINONDONI,MAGOMENI
79,DAR-ES-SALAAM,KINONDONI,KINONDONI,KINONDONI
80,DAR-ES-SALAAM,ILALA,ILALA,UPANGA MAGHARIBI
81,DAR-ES-SALAAM,ILALA,ILALA,JANGWANI
82,DAR-ES-SALAAM,KINONDONI,KINONDONI,MZIMUNI
83,DAR-ES-SALAAM,KINONDONI,KINONDONI,KIGOGO
84,DAR-ES-SALAAM,KINONDONI,UBUNGO,MBURAHATI
85,DAR-ES-SALAAM,KINONDONI,UBUNGO,MAKURUMLA
86,DAR-ES-SALAAM,KINONDONI,UBUNGO,UBUNGO
87,DAR-ES-SALAAM,KINONDONI,UBUNGO,MANZESE
88,DAR-ES-SALAAM,KINONDONI,KINONDONI,KIJITONYAMA
89,DAR-ES-SALAAM,KINONDONI,UBUNGO,MBEZI
90,DAR-ES-SALAAM,KINONDONI,KAWE,KAWE
91,DAR-ES-SALAAM,KINONDONI,KAWE,KUNDUCHI
92,DAR-ES-SALAAM,KINONDONI,KAWE,BUNJU
93,DAR-ES-SALAAM,KINONDONI,UBUNGO,MAKUBURI
94,DAR-ES-SALAAM,KINONDONI,UBUNGO,SINZA
95,DAR-ES-SALAAM,KINONDONI,KAWE,MIKOCHENI
96,DAR-ES-SALAAM,KINONDONI,UBUNGO,KIMARA
97,DAR-ES-SALAAM,ILALA,UKONGA,UKONGA
98,DAR-ES-SALAAM,ILALA,UKONGA,PUGU
99,DAR-ES-SALAAM,ILALA,UKONGA,KITUNDA
100,DAR-ES-SALAAM,ILALA,UKONGA,KIPAWA
101,DAR-ES-SALAAM,ILALA,UKONGA,VINGUNGUTI
102,DAR-ES-SALAAM,ILALA,UKONGA,TABATA
103,DAR-ES-SALAAM,TEMEKE,KIGAMBONI,KIGAMBONI
104,DAR-ES-SALAAM,TEMEKE,KIGAMBONI,TOANGOMA
105,DAR-ES-SALAAM,TEMEKE,KIGAMBONI,MJI MWEMA
106,DAR-ES-SALAAM,TEMEKE,KIGAMBONI,CHARAMBE
107,DAR-ES-SALAAM,TEMEKE,TEMEKE,KURASINI
108,DAR-ES-SALAAM,TEMEKE,TEMEKE,TANDIKA
109,DAR-ES-SALAAM,TEMEKE,TEMEKE,MTONI
110,DAR-ES-SALAAM,TEMEKE,TEMEKE,SANDALI
111,DAR-ES-SALAAM,TEMEKE,TEMEKE,MIBURANI
112,DAR-ES-SALAAM,TEMEKE,TEMEKE,TEMEKE
113,DAR-ES-SALAAM,TEMEKE,KIGAMBONI,MBAGALA KUU
114,DAR-ES-SALAAM,TEMEKE,TEMEKE,AZIMIO
115,DAR-ES-SALAAM,TEMEKE,TEMEKE,MAKANGARAWE
116,NA,NA,NA,NA
117,DAR-ES-SALAAM,TEMEKE,KIGAMBONI,PEMBA MNAZI
118,LINDI,KILWA,KILWA KASKAZINI,TINGI
119,LINDI,KILWA,KILWA KASKAZINI,KIPATIMU
120,LINDI,KILWA,KILWA KASKAZINI,NJINJO
121,LINDI,KILWA,KILWA KUSINI,PANDE
122,LINDI,KILWA,KILWA KUSINI,KIVINJE SINGINO
123,LINDI,KILWA,KILWA KUSINI,MASOKO
124,LINDI,LINDI RURAL,MTAMA,NAMUPA
125,LINDI,LINDI RURAL,MTAMA,MNARA
126,LINDI,LINDI RURAL,MCHINGA,MILOLA
127,LINDI,NACHINGWEA,NACHINGWEA,KILIMA RONDO
128,LINDI,LIWALE,LIWALE,LIWALE 'B'
129,LINDI,LIWALE,LIWALE,NGONGOWELE
130,LINDI,LIWALE,LIWALE,MLEMBWE
131,LINDI,LIWALE,LIWALE,LIWALE MJINI
132,LINDI,RUANGWA,RUANGWA,RUANGWA
133,LINDI,RUANGWA,RUANGWA,CHIENJERE
134,LINDI,RUANGWA,RUANGWA,NARUNG'OMBE
135,LINDI,LINDI URBAN,LINDI MJINI,MTANDA
136,LINDI,LINDI URBAN,LINDI MJINI,JAMHURI
137,MTWARA,MTWARA RURAL,MTWARA VIJIJINI,MTINIKO
138,MTWARA,MTWARA RURAL,MTWARA VIJIJINI,DIHIMBA
139,MTWARA,MTWARA RURAL,MTWARA VIJIJINI,MNIMA
140,MTWARA,MTWARA RURAL,MTWARA VIJIJINI,NDUMBWE
141,MTWARA,MTWARA RURAL,MTWARA VIJIJINI,NAUMBU
142,MTWARA,NEWALA,NEWALA,LUCHINGU
143,MTWARA,NEWALA,NEWALA,MCHOLI II
144,MTWARA,NEWALA,NEWALA,MTOPWA
145,MTWARA,NEWALA,NEWALA,CHIWONGA
146,MTWARA,NEWALA,NEWALA,MAKUKWE
147,MTWARA,MASASI,MASASI,MASASI
148,MTWARA,MASASI,MASASI,LISEKESE
149,MTWARA,MASASI,MASASI,CHIGUGU
150,MTWARA,NEWALA,MASASI,NANGANGA
151,MTWARA,MASASI,NANYUMBU,NANGOMBA
152,MTWARA,MASASI,LULINDI,MKULULU
153,MTWARA,TANDAHIMBA,TANDAHIMBA,MKOREHA
154,MTWARA,TANDAHIMBA,TANDAHIMBA,NANHYANGA
155,MTWARA,MTWARA URBAN,MTWARA MJINI,LIKOMBE
156,MTWARA,MTWARA URBAN,MTWARA MJINI,VIGAENI
157,MTWARA,MTWARA URBAN,MASASI,MWENA
158,MTWARA,MTWARA URBAN,MTWARA MJINI,SHANGANI
159,RUVUMA,TUNDURU,TUNDURU KASKAZINI,MLINGOTI MASHARIKI
160,RUVUMA,TUNDURU,TUNDURU KASKAZINI,MLINGOTI MAGHARIBI
161,RUVUMA,SONGEA RURAL,PERAMIHO,MUHUKURU
162,RUVUMA,SONGEA RURAL,PERAMIHO,MAPOSENI
163,RUVUMA,SONGEA RURAL,PERAMIHO,LILAMBO
164,RUVUMA,NAMTUMBO,PERAMIHO,MATIMIRA
165,RUVUMA,MBINGA,MBINGA MAGHARIBI,KILOSA
166,RUVUMA,MBINGA,MBINGA MAGHARIBI,KINGERIKITI
167,RUVUMA,MBINGA,MBINGA MAGHARIBI,LIULI
168,RUVUMA,MBINGA,MBINGA MASHARIKI,MBUJI
169,RUVUMA,MBINGA,MBINGA MAGHARIBI,LITUHI
170,RUVUMA,NAMTUMBO,NAMTUMBO,MSINDO
171,RUVUMA,NAMTUMBO,NAMTUMBO,KITANDA
172,RUVUMA,NAMTUMBO,NAMTUMBO,LUCHILI
173,IRINGA,IRINGA RURAL,ISMANI,NDULI
174,IRINGA,IRINGA RURAL,ISMANI,MAHUNINGA
175,IRINGA,MUFINDI,MUFINDI KUSINI,IHOWANZA
176,IRINGA,MUFINDI,MUFINDI KUSINI,MTWANGO
177,IRINGA,MAKETE,MAKETE,MATAMBA
178,IRINGA,NJOMBE,NJOMBE KUSINI,NJOMBE MJINI
179,IRINGA,NJOMBE,MUFINDI KUSINI,MTWANGO
180,IRINGA,LUDEWA,LUDEWA,MAWENGI
181,IRINGA,LUDEWA,LUDEWA,LUPINGU
182,IRINGA,LUDEWA,LUDEWA,LUDEWA
183,IRINGA,IRINGA URBAN,IRINGA MJINI,MTWIVILA
184,IRINGA,IRINGA URBAN,IRINGA MJINI,MWANGATA
185,IRINGA,KILOLO,KILOLO,MAHENGE
186,MBEYA,CHUNYA,LUPA,MATWIGA
187,MBEYA,CHUNYA,LUPA,MAKONGOROSI
188,MBEYA,CHUNYA,LUPA,IFUMBO
189,MBEYA,CHUNYA,SONGWE,MBANGALA
190,MBEYA,MBEYA RURAL,MBEYA VIJIJINI,ILEMBO
191,MBEYA,MBEYA RURAL,MBEYA VIJIJINI,ISUTO
192,MBEYA,KYELA,KYELA,MATEMA
193,MBEYA,KYELA,KYELA,BUJONDE
194,MBEYA,RUNGWE,RUNGWE MASHARIKI,LSANGE
195,MBEYA,RUNGWE,RUNGWE MAGHARIBI,LUFINGO
196,MBEYA,RUNGWE,RUNGWE MAGHARIBI,KIWIRA
197,MBEYA,ILEJE,ILEJE,ISONGOLE
198,MBEYA,ILEJE,ILEJE,CHITETE
199,MBEYA,MBOZI,MBOZI MAGHARIBI,LSANSA
200,MBEYA,MBOZI,MBOZI MASHARIKI,RUANDA
201,MBEYA,MBOZI,MBOZI MAGHARIBI,IHANDA
202,MBEYA,MBARALI,MBARALI,UBARUKU
203,MBEYA,MBEYA URBAN,MBEYA MJINI,IGAWILO
204,MBEYA,MBEYA URBAN,MBEYA MJINI,ISYESYE
205,SINGIDA,IRAMBA,IRAMBA MAGHARIBI,KISIRIRI
206,SINGIDA,IRAMBA,IRAMBA MAGHARIBI,MTOA
207,SINGIDA,SINGIDA RURAL,SINGIDA MASHARIKI,ISSUNA
208,SINGIDA,MANYONI,MANYONI MASHARIKI,MAKURU
209,SINGIDA,MANYONI,MANYONI MAGHARIBI,MGANDU
210,SINGIDA,SINGIDA URBAN,SINGIDA MJINI,IPEMBE
211,SINGIDA,SINGIDA RURAL,SINGIDA MAGHARIBI,PUMA
212,TABORA,NZEGA,NZEGA,NZAGA MJINI
213,TABORA,NZEGA,NZEGA,MUHUGI
214,TABORA,IGUNGA,IGUNGA,ISAKAMALIWA
215,TABORA,IGUNGA,IGUNGA,MWAMASHIGA
216,TABORA,IGUNGA,IGUNGA,KINING'INILA
217,TABORA,IGUNGA,IGUNGA,CHABUTWA
218,TABORA,UYUI,IGALULA,LUTENDE
219,TABORA,UYUI,TABORA KASKAZINI,SHITAGE
220,TABORA,URAMBO,NZEGA,MILAMBO
221,TABORA,SIKONGE,SIKONGE,SIKONGE
222,TABORA,SIKONGE,SIKONGE,KIPILI
223,TABORA,SIKONGE,SIKONGE,LGIGWA
224,TABORA,TABORA URBAN,TABORA MJINI,NG'AMBO
225,TABORA,TABORA URBAN,TABORA MJINI,NDEVELWA
226,RUKWA,MPANDA,NA,KATUMBA
227,RUKWA,MPANDA,NA,MISHAMO
228,RUKWA,MPANDA,NA,KASHAULILI
229,RUKWA,SUMBAWANGA RURAL,KWELA,LAELA
230,RUKWA,SUMBAWANGA RURAL,KWELA,MUZE
231,RUKWA,SUMBAWANGA RURAL,KWELA,MTOWISA
232,RUKWA,NKASI,NKASI KASKAZINI,NAMANYERE
233,RUKWA,NKASI,NKASI KASKAZINI,ISALE
234,RUKWA,NKASI,NKASI KASKAZINI,KIRANDO
235,RUKWA,SUMBAWANGA URBAN,SUMBAWANGA MJINI,SENGA
236,KIGOMA,KIBONDO,MUHAMBWE,KIBONDO MJINI
237,KIGOMA,KIBONDO,MUHAMBWE,KITAHANA
238,KIGOMA,KIBONDO,MUHAMBWE,BUSAGARA
239,KIGOMA,KIBONDO,MUHAMBWE,KUMSENGA
240,KIGOMA,KASULU,KASULU VIJIJINI,ERU USHINGO
241,KIGOMA,KASULU,KASULU VIJIJINI,NYAMIDAHO
242,KIGOMA,KASULU,KASULU VIJIJINI,KITAGATA
243,KIGOMA,KASULU,KASULU VIJIJINI,MUZENZE
244,KIGOMA,KASULU,NA,KAJANA
245,KIGOMA,KASULU,KASULU MJINI,MURUFITI
246,KIGOMA,KIGOMA RURAL,KIGOMA KASKAZINI,BITALE
247,KIGOMA,KIGOMA RURAL,KIGOMA KUSINI,NGURUKA
248,KIGOMA,LAKE TANGANYIKA,NA,N.A. ( 1030)
249,SHINYANGA,BARIADI,BARIADI MASHARIKI,LAGANGABILILI
250,SHINYANGA,MASWA,MASWA MAGHARIBI,BUCHAMBI
251,SHINYANGA,MASWA,MASWA MAGHARIBI,BADI
252,SHINYANGA,SHINYANGA RURAL,SOLWA,USULE
253,SHINYANGA,SHINYANGA RURAL,SOLWA,SALAWE
254,SHINYANGA,KAHAMA,MSALALA,BUGARAMA
255,SHINYANGA,KAHAMA,MSALALA,LUNGUYA
256,SHINYANGA,KAHAMA,KAHAMA,BULUNGWA
257,SHINYANGA,KAHAMA,KAHAMA,IGWAMANONI
258,SHINYANGA,BUKOMBE,BUKOMBE,USHIROMBO
259,SHINYANGA,MEATU,MEATU,MWAMISHALI
260,SHINYANGA,MEATU,KISESA,MWABUSALU
261,SHINYANGA,SHINYANGA URBAN,SHINYANGA MJINI,KAMBARAGE
262,SHINYANGA,SHINYANGA URBAN,SHINYANGA MJINI,CHIBE
263,SHINYANGA,KISHAPU,KISHAPU,KISHAPU
264,SHINYANGA,KISHAPU,KISHAPU,SHAGIHILU
265,SHINYANGA,KISHAPU,KISHAPU,KILOLELI
266,KAGERA,KARAGWE,KARAGWE,KITUNTU
267,KAGERA,KARAGWE,KARAGWE,NYAKAKIKA
268,KAGERA,KARAGWE,KYERWA,MURONGO
269,KAGERA,BUKOBA RURAL,NKENGE,KASAMBYA
270,KAGERA,BUKOBA RURAL,NKENGE,KITOBO
271,KAGERA,BUKOBA RURAL,NKENGE,BUGANDIKA
272,KAGERA,MULEBA,MULEBA KASKAZINI,LZIGO
273,KAGERA,MULEBA,MULEBA KUSINI,KARAMBI
274,KAGERA,MULEBA,MULEBA KASKAZINI,MUHUTWE
275,KAGERA,BIHARAMULO,NA,BUSERESERE
276,KAGERA,NGARA,NA,MUGANZA
277,KAGERA,NGARA,NGARA,BUGARAMA
278,KAGERA,NGARA,NGARA,KANAZI
279,KAGERA,BUKOBA URBAN,BUKOBA MJINI,MIEMBENI
280,KAGERA,BUKOBA URBAN,BUKOBA MJINI,KIBETA
281,MWANZA,UKEREWE,UKEREWE,MURITI
282,MWANZA,MAGU,MAGU MJINI,KISESA
283,MWANZA,MAGU,MAGU MJINI,MWAMANGA
284,MWANZA,KWIMBA,SUMVE,MALIGISU
285,MWANZA,MAGU,MAGU MJINI,NKUNGULU
286,MWANZA,MAGU,MAGU MJINI,MAGU MJINI
287,MWANZA,ILEMELA,ILEMELA,BUSWELU
288,MWANZA,KWIMBA,KWIMBA,MHANDE
289,MWANZA,SENGEREMA,BUCHOSA,BUPANDWAMHELA
290,MWANZA,GEITA,GEITA,SENGA
291,MWANZA,GEITA,GEITA,KALANGALALA
292,MWANZA,GEITA,BUSANDA,KASEME
293,MWANZA,MISUNGWI,MISUNGWI,IGOKELO
294,MWANZA,NYAMAGANA,ILEMELA,NYAMANORO
295,MWANZA,ILEMELA,ILEMELA,BUGOGWA
296,MARA,TARIME,TARIME,NYANDOTO
297,MARA,SERENGETI,SERENGETI,KENYAMONTA
298,MARA,MUSOMA RURAL,MUSOMA VIJIJINI,BWIREGI
299,MARA,MUSOMA RURAL,MUSOMA VIJIJINI,MAKOJO
300,MARA,BUNDA,BUNDA,BUNDA
301,MARA,BUNDA,BUNDA,KABASA
302,MARA,MUSOMA URBAN,MUSOMA MJINI,MAKOKO
303,MANYARA,BABATI,BABATI MJINI,SIGINO
304,MANYARA,BABATI,BABATI VIJIJINI,BASHNET
305,MANYARA,HANANG,HANANG,MOGITU
306,MANYARA,MBULU,MBULU,DONGOBESH
307,MANYARA,SIMANJIRO,SIMANJIRO,NABERERA
308,MANYARA,SIMANJIRO,SIMANJIRO,SHAMBARAI
309,MANYARA,SIMANJIRO,SIMANJIRO,MERERANI
310,MANYARA,KITETO,KITETO,MATUI
311,MOROGORO,KILOSA,GAIRO,CHAGONGWE
312,MOROGORO,KILOSA,MIKUMI,ZOMBO
313,DODOMA,MPWAPWA,KIBAKWE,KIBAKWE
314,PWANI,KIBAHA,KIBAHA VIJIJINI,MLANDIZI
315,DAR-ES-SALAAM,ILALA,UKONGA,SEGEREA
316,DODOMA,KONGWA,KONGWA,MKOKA
317,DODOMA,DODOMA URBAN,DODOMA MJINI,MIYUJI
318,DODOMA,DODOMA URBAN,DODOMA MJINI,NZUGUNI
319,DAR-ES-SALAAM,ILALA,UKONGA,CHANIKA
320,MOROGORO,MVOMERO,MVOMERO,SUNGAJI
321,DODOMA,KONDOA,KONDOA KUSINI,MAKORONGO
322,ARUSHA,MONDULI,MONDULI,ESILALEI
323,ARUSHA,MONDULI,MONDULI,MAKUYUNI
324,ARUSHA,ARUMERU,ARUMERU MAGHARIBI,BANGATA
325,ARUSHA,ARUMERU,ARUMERU MAGHARIBI,BWAWANI
326,ARUSHA,ARUSHA,ARUSHA  MJINI,LEVOLOSI
327,ARUSHA,ARUMERU,ARUMERU MASHARIKI,USA RIVER
328,MANYARA,KITETO,KITETO,PARTIMBO
329,TANGA,KILINDI,KILINDI,KILINDI
330,MOROGORO,MOROGORO URBAN,MOROGORO MJINI,KINGOLWIRA
331,TABORA,TABORA URBAN,TABORA MJINI,CHEMCHEM
332,KILIMANJARO,MOSHI RURAL,MOSHI VIJIJINI,KINDI
333,ARUSHA,ARUSHA,ARUSHA  MJINI,SOKONI
334,ARUSHA,KARATU,KARATU,QURUS
335,ARUSHA,ARUSHA,ARUSHA  MJINI,LEMARA
336,ARUSHA,ARUMERU,ARUMERU MAGHARIBI,SOKONIII
337,KILIMANJARO,MWANGA,MWANGA,KILEO
338,PWANI,KIBAHA,KIBAHA MJINI,TUMBI
339,KILIMANJARO,MWANGA,MWANGA,MWANGA
340,DAR-ES-SALAAM,TEMEKE,TEMEKE,CHANG'OMBE
341,KILIMANJARO,SAME,SAME MAGHARIBI,SUJI
342,DODOMA,KONGWA,KONGWA,ZOISSA
343,KILIMANJARO,MOSHI URBAN,MOSHI MJINI,MSARANGA
344,ARUSHA,ARUSHA,ARUSHA  MJINI,THEMI
345,MOROGORO,MOROGORO URBAN,MOROGORO MJINI,MBUYUNI
346,MWANZA,ILEMELA,ILEMELA,ILEMELA
347,SINGIDA,SINGIDA URBAN,SINGIDA MJINI,KINDAI
348,MWANZA,ILEMELA,ILEMELA,NYAKATO
349,MWANZA,ILEMELA,ILEMELA,PASIANSI
350,KILIMANJARO,MOSHI URBAN,MOSHI MJINI,PASUA
351,KILIMANJARO,MWANGA,MWANGA,MWANIKO
352,ARUSHA,ARUMERU,ARUMERU MASHARIKI,MAKIBA
353,ARUSHA,ARUMERU,ARUMERU MAGHARIBI,LANGARINI
354,TANGA,LUSHOTO,LUSHOTO,KWAI
355,KILIMANJARO,SAME,SAME MAGHARIBI,SAME MJINI
356,KILIMANJARO,MOSHI URBAN,MOSHI MJINI,KALOLENI
357,KILIMANJARO,HAI,SIHA,SIHA MAGHARIBI
358,DAR-ES-SALAAM,TEMEKE,KIGAMBONI,CHAMAZI
359,TANGA,MUHEZA,MUHEZA,PANDE
360,DAR-ES-SALAAM,TEMEKE,KIGAMBONI,KISARAWE II
361,ARUSHA,ARUMERU,ARUMERU MAGHARIBI,OLDONYO SAMBU
362,MTWARA,MASASI,NA,MWENA
363,TANGA,MUHEZA,MUHEZA,TINGENI
364,DAR-ES-SALAAM,TEMEKE,TEMEKE,KEKO
365,TANGA,TANGA,TANGA MJINI,MABOKWENI
366,PWANI,BAGAMOYO,BAGAMOYO,DUNDA
367,MBEYA,MBOZI,MBOZI MASHARIKI,TUNDUMA
368,MARA,MUSOMA URBAN,MUSOMA MJINI,KIGERA
369,TANGA,PANGANI,PANGANI,MKWAJA
370,TANGA,PANGANI,PANGANI,KIPUMBWI
371,TANGA,PANGANI,PANGANI,BUSHIRI
372,TANGA,HANDENI,HANDENI,KANG'ATA
373,TANGA,HANDENI,HANDENI,MKATA
374,TANGA,MUHEZA,MUHEZA,MKUZI
375,MOROGORO,MVOMERO,MVOMERO,KIBATI
376,MOROGORO,MOROGORO RURAL,MOROGORO KUSINI,KISAKI
377,MOROGORO,KILOSA,KILOSA,MAMBOYA
378,MOROGORO,KILOSA,KILOSA,KIMAMBA 'A'
379,MOROGORO,MOROGORO URBAN,MOROGORO MJINI,MZINGA
380,MOROGORO,KILOMBERO,KILOMBERO,MANG'ULA
381,MOROGORO,ULANGA,ULANGA MAGHARIBI,LUPIRO
382,MOROGORO,KILOMBERO,KILOMBERO,IFAKARA
383,SINGIDA,IRAMBA,IRAMBA MAGHARIBI,KINAMPANDA
384,MOROGORO,ULANGA,ULANGA MASHARIKI,LUKANDE
385,MOROGORO,KILOMBERO,KILOMBERO,KIDATU
386,LINDI,NACHINGWEA,NACHINGWEA,NAMATULA
387,MOROGORO,MOROGORO RURAL,MOROGORO KUSINI MASHARIKI,KIROKA
388,MOROGORO,MVOMERO,MVOMERO,TCHENZEMA
389,PWANI,BAGAMOYO,BAGAMOYO,ZINGA
390,PWANI,BAGAMOYO,CHALINZE,MKANGE
391,DAR-ES-SALAAM,KINONDONI,KAWE,MBWENI
392,RUVUMA,SONGEA URBAN,SONGEA MJINI,LIZABONI
393,KILIMANJARO,MWANGA,MWANGA,SHIGATINI
394,MOROGORO,MOROGORO RURAL,MOROGORO KUSINI MASHARIKI,KIDUGALO
395,PWANI,KIBAHA,KIBAHA MJINI,KIBAHA
396,PWANI,RUFIJI,KIBITI,BUNGU
397,PWANI,MKURANGA,MKURANGA,KIMANZICHANA
398,PWANI,MKURANGA,MKURANGA,MAGAWA
399,PWANI,MKURANGA,MKURANGA,MKURANGA
400,DAR-ES-SALAAM,TEMEKE,TEMEKE,YOMBO VITUKA
401,PWANI,MKURANGA,MKURANGA,TAMBANI
402,DAR-ES-SALAAM,TEMEKE,KIGAMBONI,MBAGALA
403,PWANI,KISARAWE,KISARAWE,KILUVYA
404,TANGA,LUSHOTO,MLALO,MNAZI
405,DODOMA,DODOMA URBAN,DODOMA MJINI,KIZOTA
406,MOROGORO,MVOMERO,MVOMERO,MLALI
407,TANGA,MUHEZA,MUHEZA,LUSANGA
408,TANGA,TANGA,TANGA MJINI,MSAMBWENI
409,MWANZA,ILEMELA,NYAMAGANA,MKOLANI
410,MWANZA,NYAMAGANA,NYAMAGANA,MKUYUNI
411,SINGIDA,IRAMBA,IRAMBA MASHARIKI,MWANGA
412,SHINYANGA,KAHAMA,NA,KILAGO
413,MWANZA,NYAMAGANA,NA,MBUGANI
414,TANGA,TANGA,NA,MZIZIMA
415,TANGA,TANGA,NA,MWANZANGE
416,RUVUMA,MBINGA,NA,MBINGA URBAN
417,MTWARA,MTWARA URBAN,NA,MITENGO
418,MOROGORO,MOROGORO RURAL,NA,MTOMBOZI
419,TANGA,KOROGWE,NA,BUNGU
420,KAGERA,BUKOBA RURAL,NA,BUYANGO
421,DAR-ES-SALAAM,KINONDONI,NA,GOBA
422,IRINGA,NJOMBE,NA,WANGING'OMBE
423,MWANZA,ILEMELA,NA,SANGABUYE
424,MBEYA,MBOZI,NA,MSIA
425,MBEYA,MBEYA URBAN,NA,NZOVWE
426,KAGERA,BUKOBA URBAN,NA,HAMUGERNBE
427,KAGERA,MULEBA,NA,BUREZA
428,PWANI,BAGAMOYO,NA,KIWANGWA
429,MOROGORO,KILOSA,NA,GAIRO
430,TABORA,UYUI,NA,MAGIRI
431,MOROGORO,ULANGA,NA,MTIMBIRA
432,DODOMA,DODOMA URBAN,NA,KIWANJACHANDEGO
433,MOROGORO,MOROGORO URBAN,NA,UWANJA WA TAIFA
434,TANGA,LUSHOTO,NA,BUMBULI
435,MOROGORO,KILOSA,NA,DUMILA
436,DAR-ES-SALAAM,ILALA,NA,KINYEREZI
437,MOROGORO,MVOMERO,NA,MZUMBE
438,MBEYA,KYELA,NA,IKOLO
439,ARUSHA,ARUSHA,NA,NGARENARO
440,DAR-ES-SALAAM,KINONDONI,NA,KIBAMBA
441,ARUSHA,ARUSHA,NA,ENGUTOTO
442,RUVUMA,SONGEA RURAL,NA,KILAGANO
443,TANGA,TANGA,NA,MAJENGO
444,DAR-ES-SALAAM,TEMEKE,NA,VIJIBWENI
445,IRINGA,IRINGA RURAL,NA,MAGULILWA
446,IRINGA,IRINGA RURAL,NA,KALENGA
447,KAGERA,KARAGWE,NA,NKWENDA
448,MOROGORO,KILOSA,NA,KIDETE
449,DAR-ES-SALAAM,TEMEKE,NA,KIBADA
450,MBEYA,MBEYA URBAN,NA,UYOLE
451,KILIMANJARO,ROMBO,NA,KITIRIMA KINGACHI
452,DAR-ES-SALAAM,ILALA,NA,MSONGOLA
453,DAR-ES-SALAAM,ILALA,NA,BUGURUNI
454,DODOMA,DODOMA URBAN,NA,UHURU
455,DODOMA,DODOMA URBAN,NA,MTUMBA
456,MARA,LAKE VICTORIA,NA,N.A. ( 3)
457,TABORA,NZEGA,NA,MWANGOYE
458,TANGA,MUHEZA,NA,MWAKIJEMBE
459,PWANI,MKURANGA,NA,VIKINDU
460,MTWARA,TANDAHIMBA,NA,KITAMA
461,MTWARA,TANDAHIMBA,NA,TANDAHIMBA
462,MTWARA,NEWALA,NA,MAKOTE
463,IRINGA,KILOSA,NA,MAHENGE ?
464,SHINYANGA,SHINYANGA URBAN,NA,NDALA
465,LINDI,RUANGWA,NA,LIKUNJA
466,SINGIDA,SINGIDA RURAL,NA,IHANJA
467,DAR-ES-SALAAM,KINONDONI,NA,MABIBO
468,DODOMA,DODOMA URBAN,NA,MAJENGO
469,PWANI,RUFIJI,NA,UTETE
470,TANGA,TANGA,NA,MAKORORA
471,DAR-ES-SALAAM,TEMEKE,NA,KIMBIJI
472,MTWARA,TANDAHIMBA,NA,MAUNDO
473,RUVUMA,SONGEA URBAN,NA,MATOGORO
474,MOROGORO,MOROGORO URBAN,NA,MLIMANI
475,ARUSHA,ARUSHA,NA,KALOLENI
476,PWANI,RUFIJI,NA,LKWIRIRI
477,LINDI,NACHINGWEA,NA,CHIOLA
478,LINDI,KILWA,NA,MINGUMBI
479,MTWARA,MTWARA RURAL,NA,NANYAMBA
480,MTWARA,MASASI,NA,MPINDIMBI
481,MTWARA,MASASI,NA,LULINDI
482,LINDI,LINDI URBAN,NA,RAHALEO
483,MTWARA,NEWALA,NA,KITANGARI
484,LINDI,LINDI URBAN,NA,RASBURA
485,LINDI,NACHINGWEA,NA,MATEKWE
486,MTWARA,MASASI,NA,NAMAJANI
487,RUKWA,SUMBAWANGA RURAL,NA,KALAMBAZITE
488,LINDI,LIWALE,NA,MBAYA
489,LINDI,LIWALE,NA,MANGIRIKITI
490,LINDI,NACHINGWEA,NA,KIEGEI
491,LINDI,NACHINGWEA,NA,NAIPINGO
492,LINDI,LINDI RURAL,NA,NYANGAO
493,SINGIDA,SINGIDA RURAL,NA,LKHANODA
494,LINDI,NACHINGWEA,NA,MTUA
495,MTWARA,MTWARA RURAL,NA,MAYANGA
496,LINDI,LINDI RURAL,NA,MTAMA
497,LINDI,LINDI URBAN,NA,MAKONDE
498,MTWARA,MASASI,NA,NANDETE
499,LINDI,LINDI RURAL,NA,MBANJA
500,LINDI,LINDI RURAL,NA,SUDI
501,LINDI,LINDI RURAL,NA,MNOLELA
502,MTWARA,MTWARA RURAL,NA,KITERE
503,MTWARA,MTWARA RURAL,NA,ZIWANI
504,LINDI,NACHINGWEA,NA,NAIPANGA
505,MTWARA,MTWARA RURAL,NA,NITEKELA
506,LINDI,LINDI RURAL,NA,NACHUNYU
507,MTWARA,TANDAHIMBA,NA,MCHOLI II
508,MTWARA,TANDAHIMBA,NA,MDIMBA MNYOMA
509,MTWARA,TANDAHIMBA,NA,CHINGUNGWE
510,MTWARA,TANDAHIMBA,NA,MAHUTA
511,KILIMANJARO,ROMBO,NA,USHIRI IKUINI
512,LINDI,NACHINGWEA,NA,MNERO NGONGO
513,MTWARA,NEWALA,NA,MCHEMO
514,MTWARA,TANDAHIMBA,NA,NGUNJA
515,MTWARA,NEWALA,NA,MKWEDU
516,MTWARA,MTWARA RURAL,NA,KIROMBA
517,LINDI,NACHINGWEA,NA,MPIRUKA
518,MOROGORO,MVOMERO,NA,DIONGOYA
519,MTWARA,MASASI,NA,MNAVIRA
520,LINDI,LINDI URBAN,NA,MWENGE
521,LINDI,NACHINGWEA,NA,MKOKA
522,MTWARA,MASASI,NA,MASUGURU
523,PWANI,RUFIJI,NA,MAPARONI
524,MTWARA,MASASI,NA,MKONONA
525,MTWARA,MASASI,NA,NAPACHO
526,RUVUMA,TUNDURU,NA,MUHUWESI
527,MTWARA,MTWARA URBAN,NA,CHIKONGOLA
528,MTWARA,MASASI,NA,NANYUMBU
529,LINDI,LINDI RURAL,NA,TANDANGONGORO
530,LINDI,LINDI RURAL,NA,RUTAMBA
531,MTWARA,MTWARA RURAL,NA,KITAYA
532,MTWARA,TANDAHIMBA,NA,NAMIKUPA
533,MTWARA,MTWARA RURAL,NA,MADIMBA
534,MTWARA,MTWARA RURAL,NA,NANGURUWE
535,LINDI,LINDI RURAL,NA,MINGOYO
536,RUVUMA,TUNDURU,NA,NAKAPANYA
537,RUVUMA,TUNDURU,NA,KALULU
538,ARUSHA,NGORONGORO,NA,ORGOSOROK
539,RUVUMA,SONGEA URBAN,NA,SUBIRA
540,RUVUMA,SONGEA URBAN,NA,BOMBA MBILI
541,RUVUMA,MBINGA,NA,KIHAGARA
542,RUVUMA,SONGEA URBAN,NA,MFARANYAKI
543,IRINGA,MAKETE,NA,LUPILA
544,RUVUMA,SONGEA RURAL,NA,MAHANJE
545,RUVUMA,MBINGA,NA,MBAMBA BAY
546,RUVUMA,MBINGA,NA,KILIMANI
547,RUVUMA,SONGEA RURAL,NA,MAGAGURA
548,RUVUMA,MBINGA,NA,TINGI
549,RUVUMA,MBINGA,NA,MBAHA
550,IRINGA,IRINGA RURAL,NA,KIWERE
551,IRINGA,IRINGA URBAN,NA,KWAKILOSA
552,RUVUMA,SONGEA URBAN,NA,MSHANGANO
553,RUVUMA,SONGEA URBAN,NA,MATARAWE
554,RUVUMA,NAMTUMBO,NA,RWINGA
555,IRINGA,IRINGA URBAN,NA,MKWAWA
556,DODOMA,DODOMA URBAN,NA,MAKOLE
557,MWANZA,UKEREWE,NA,BUKANDA
558,IRINGA,KILOLO,NA,ILULA
559,IRINGA,MUFINDI,NA,MAFINGA
560,DAR-ES-SALAAM,KINONDONI,NA,MSASANI
561,IRINGA,IRINGA URBAN,NA,GANGILONGA
562,IRINGA,MUFINDI,NA,NYOLOLO
563,IRINGA,NJOMBE,NA,MAKAMBAKO
564,MBEYA,MBEYA URBAN,NA,IYELA
565,IRINGA,MAKETE,NA,LWAWA
566,IRINGA,NJOMBE,NA,LMALINYI
567,IRINGA,NJOMBE,NA,IGONGOLO
568,MOROGORO,ULANGA,NA,ITETE
569,KILIMANJARO,MOSHI RURAL,NA,MARANGU MAGHARIBI
570,IRINGA,MAKETE,NA,MLONDWE
571,DODOMA,KONDOA,NA,HAUBI
572,DODOMA,MPWAPWA,NA,MPWAPWA MJINI
573,IRINGA,MUFINDI,NA,SADANI
574,IRINGA,IRINGA RURAL,NA,MSEKE
575,MBEYA,CHUNYA,NA,MTANILA
576,MBEYA,MBOZI,NA,CHILULUMO
577,MBEYA,MBEYA RURAL,NA,IWIJI
578,MBEYA,RUNGWE,NA,KAMBASEGELA
579,IRINGA,NJOMBE,NA,UWEMBA
580,MBEYA,MBARALI,NA,IGURUSI
581,MBEYA,MBOZI,NA,NYIMBILI
582,MBEYA,MBEYA URBAN,NA,ILEMI
583,MBEYA,MBEYA RURAL,NA,UTENGULE USONGWE
584,MBEYA,MBOZI,NA,ISANDULA
585,MBEYA,MBEYA URBAN,NA,MWAKIBETE
586,MWANZA,GEITA,NA,KAMENA
587,SINGIDA,IRAMBA,NA,KIDARU
588,SINGIDA,IRAMBA,NA,TULYA
589,TABORA,IGUNGA,NA,SUNGWIZI
590,SINGIDA,IRAMBA,NA,MTEKENTE
591,MANYARA,BABATI,NA,MAGUGU
592,KILIMANJARO,MWANGA,NA,JIPE
593,TABORA,NZEGA,NA,ITILO
594,SINGIDA,MANYONI,NA,MANYONL
595,TANGA,TANGA,NA,MAWENI
596,TABORA,TABORA URBAN,NA,KANYENYE
597,MBEYA,MBEYA URBAN,NA,FOREST
598,SINGIDA,SINGIDA RURAL,NA,MINYUGHE
599,SINGIDA,SINGIDA URBAN,NA,MANDEWA
600,SHINYANGA,KAHAMA,NA,KAHAMA MJINI
601,MWANZA,GEITA,NA,KATORO
602,TABORA,NZEGA,NA,UTWIGU
603,TABORA,IGUNGA,NA,MWASHIKU
604,SINGIDA,IRAMBA,NA,SHELUI
605,SHINYANGA,MASWA,NA,LALANGO
606,TABORA,IGUNGA,NA,BUKOKO
607,TABORA,IGUNGA,NA,MWAMASHIMBA
608,MBEYA,CHUNYA,NA,KAMBIKATOTO
609,SINGIDA,IRAMBA,NA,URUGHU
610,SHINYANGA,KAHAMA,NA,CHAMBO
611,TABORA,IGUNGA,NA,MBUTU
612,TABORA,UYUI,NA,LOYA
613,RUKWA,MPANDA,NA,KATUMA
614,TABORA,IGUNGA,NA,NKINGA
615,TABORA,NZEGA,NA,TONGI
616,TABORA,URAMBO,NA,KANINDO
617,KIGOMA,KIGOMA RURAL,NA,UVINZA
618,TABORA,IGUNGA,NA,NDEMBEZI
619,TABORA,NZEGA,NA,MIGUWA
620,TABORA,UYUI,NA,KIZENGI
621,SHINYANGA,BUKOMBE,NA,RUNZEWE
622,TABORA,NZEGA,NA,MWARNALA
623,SHINYANGA,KAHAMA,NA,UYOGO
624,TABORA,URAMBO,NA,KAPILULA
625,TABORA,URAMBO,NA,MWONGOZO
626,TABORA,TABORA URBAN,NA,ISEVYA
627,TABORA,SIKONGE,NA,KIPANGA
628,MBEYA,CHUNYA,NA,MAFYEKO
629,TABORA,SIKONGE,NA,KILOLI
630,SINGIDA,MANYONI,NA,RUNGWA
631,TABORA,SIKONGE,NA,PANGALE
632,TABORA,SIKONGE,NA,TUTUO
633,TABORA,NZEGA,NA,SEMEMBELA
634,SHINYANGA,BARIADI,NA,NKOMA
635,TABORA,TABORA URBAN,NA,KALUNDE
636,TABORA,TABORA URBAN,NA,MISHA
637,RUKWA,MPANDA,NA,MAMBA
638,RUKWA,MPANDA,NA,MKWAMBA
639,RUKWA,SUMBAWANGA URBAN,NA,MILANZI
640,RUKWA,NKASI,NA,NINDE
641,RUKWA,SUMBAWANGA URBAN,NA,KATANDALA
642,RUKWA,SUMBAWANGA URBAN,NA,MAZWI
643,SHINYANGA,BUKOMBE,NA,UYOVU
644,KIGOMA,KIBONDO,NA,NYAMTUKUZA
645,SHINYANGA,KAHAMA,NA,NYIHOGO
646,KIGOMA,KIBONDO,NA,MURUNGU
647,MWANZA,UKEREWE,NA,ILANGALA
648,KIGOMA,KIGOMA URBAN,NA,KIGOMA BANGWE
649,KIGOMA,KIBONDO,NA,KAKONKO
650,SHINYANGA,KAHAMA,NA,MHONGOLO
651,KIGOMA,KIBONDO,NA,RUGONGWE
652,SHINYANGA,SHINYANGA URBAN,NA,SHINYANGA MJINI
653,KIGOMA,KIGOMA RURAL,NA,MAHEMBE
654,KIGOMA,KASULU,NA,JANDA
655,KIGOMA,KASULU,NA,BUHORO
656,KIGOMA,KASULU,NA,MSAMBARA
657,MWANZA,NYAMAGANA,NA,IGOGO
658,TABORA,URAMBO,NA,USINGE
659,KIGOMA,KIGOMA URBAN,NA,MWANGA KASKAZINI
660,KIGOMA,KIGOMA RURAL,NA,SUNUKA
661,RUKWA,NKASI,NA,N.A. ( 1861)
662,MWANZA,GEITA,NA,NYAMALIMBE
663,SHINYANGA,MEATU,NA,KISESA
664,SHINYANGA,MASWA,NA,ISANGA
665,SHINYANGA,MASWA,NA,SUKUMA
666,SHINYANGA,KAHAMA,NA,IDAHINA
667,PWANI,KISARAWE,NA,VIHINGO
668,SHINYANGA,MASWA,NA,DAKAMA
669,TABORA,URAMBO,NA,LMALAMAKOYE
670,TABORA,URAMBO,NA,LTUNDU
671,SHINYANGA,SHINYANGA RURAL,NA,LYABUKANDE
672,SHINYANGA,SHINYANGA RURAL,NA,DIDIA
673,SHINYANGA,SHINYANGA RURAL,NA,ITWANGI
674,SHINYANGA,SHINYANGA RURAL,NA,USANDA
675,TABORA,NZEGA,NA,IKINDWA
676,SINGIDA,IRAMBA,NA,IBAGA
677,SHINYANGA,SHINYANGA URBAN,NA,LBADAKULI
678,SHINYANGA,SHINYANGA RURAL,NA,MWAKITOLYO
679,MWANZA,MISUNGWI,NA,BUSONGO
680,KAGERA,BIHARAMULO,NA,NYABUSOZI
681,MWANZA,GEITA,NA,NYANG'HWALE
682,SHINYANGA,BARIADI,NA,LUGULU
683,SHINYANGA,BARIADI,NA,BUNAMHALA
684,SHINYANGA,BARIADI,NA,MWADOBANA
685,SHINYANGA,BARIADI,NA,BARIADI
686,MWANZA,GEITA,NA,BUKOLI
687,SHINYANGA,KAHAMA,NA,MWENDAKULIMA
688,KAGERA,BIHARAMULO,NA,KALENGE
689,SHINYANGA,BUKOMBE,NA,USHIRIKA
690,SHINYANGA,KAHAMA,NA,CHELA
691,SHINYANGA,BUKOMBE,NA,MASUMBWE
692,SHINYANGA,KAHAMA,NA,ULOWA
693,SHINYANGA,BUKOMBE,NA,IPONYA
694,SHINYANGA,KAHAMA,NA,KINAMAPULA
695,TABORA,URAMBO,NA,UYUMBU
696,TABORA,URAMBO,NA,IGAGALA
697,MWANZA,MISUNGWI,NA,ILUJAMATE
698,SHINYANGA,KAHAMA,NA,SEGESE
699,MWANZA,MISUNGWI,NA,KAROMIJE
700,KAGERA,BIHARAMULO,NA,BWANGA
701,SHINYANGA,MEATU,NA,MWANHUZI
702,SHINYANGA,MEATU,NA,MWAMANONGU
703,SINGIDA,MANYONI,NA,MAKE - AZIMIO
704,SHINYANGA,MEATU,NA,KAMALI
705,SHINYANGA,MEATU,NA,LUBIGA
706,SHINYANGA,MEATU,NA,SAKASAKA
707,SHINYANGA,BUKOMBE,NA,ILOLANGULU
708,SINGIDA,MANYONI,NA,CHIKOLA
709,SHINYANGA,SHINYANGA RURAL,NA,MWANTINI
710,SHINYANGA,SHINYANGA URBAN,NA,IBINZAMATA
711,SHINYANGA,KISHAPU,NA,UKENYENGE
712,SHINYANGA,SHINYANGA URBAN,NA,NGOKOLO
713,SHINYANGA,MASWA,NA,BUSILILI
714,SHINYANGA,KISHAPU,NA,SONGWA
715,SHINYANGA,SHINYANGA URBAN,NA,KOLANDOTO
716,KAGERA,BUKOBA URBAN,NA,NSHAMBYA
717,SHINYANGA,SHINYANGA RURAL,NA,SAMUYE
718,TABORA,IGUNGA,NA,KINUNGU
719,SHINYANGA,KISHAPU,NA,NGOFILA
720,SINGIDA,MANYONI,NA,ITIGI
721,KAGERA,KARAGWE,NA,KIMULI
722,KAGERA,KARAGWE,NA,BWERANYANGE
723,KAGERA,BUKOBA RURAL,NA,NSUNGA
724,KAGERA,NGARA,NA,KABANGA
725,KAGERA,BUKOBA RURAL,NA,BUGORORA
726,KAGERA,BUKOBA RURAL,NA,BWANJAI
727,KAGERA,BUKOBA RURAL,NA,KAIBANJA
728,KAGERA,BUKOBA RURAL,NA,KATORO
729,KAGERA,MULEBA,NA,BUMBILE
730,KAGERA,BUKOBA URBAN,NA,KAHORORO
731,KAGERA,BUKOBA RURAL,NA,KATERERO
732,KAGERA,MULEBA,NA,KASHARUNGA
733,KAGERA,BIHARAMULO,NA,NYARUBUNGO
734,KAGERA,BIHARAMULO,NA,RUNAZI
735,SHINYANGA,BUKOMBE,NA,LKUNGUIGAZI
736,KAGERA,BIHARAMULO,NA,NYAMIREMBE
737,KAGERA,NGARA,NA,KIRUSHYA
738,KAGERA,NGARA,NA,RUSUMO
739,MARA,TARIME,NA,SIRARI
740,MWANZA,NYAMAGANA,NA,KITANGIRI
741,KAGERA,BUKOBA URBAN,NA,KITENDAGURO
742,MWANZA,UKEREWE,NA,NAMILEMBE
743,MWANZA,LAKE VICTORIA,NA,N.A. ( 112)
744,MARA,BUNDA,NA,SALAMA
745,KAGERA,MULEBA,NA,KAMACHUMU
746,MWANZA,KWIMBA,NA,MANTARE
747,MWANZA,GEITA,NA,NKOME
748,MWANZA,MAGU,NA,SUKUMA
749,KAGERA,BIHARAMULO,NA,NYAKAHURA
750,KAGERA,LAKE VICTORIA,NA,N.A. ( 4)
751,MWANZA,KWIMBA,NA,NGUDU
752,MARA,MUSOMA RURAL,NA,NYANKANQA
753,MWANZA,UKEREWE,NA,NAKATUNGURU
754,MWANZA,MISUNGWI,NA,MISASI
755,MWANZA,MAGU,NA,MKULA
756,MWANZA,MAGU,NA,KALEMALA
757,DAR-ES-SALAAM,ILALA,NA,UPANGA MASHARIKI
758,MWANZA,ILEMELA,NA,LGOMA
759,MWANZA,SENGEREMA,NA,KATWE
760,MWANZA,SENGEREMA,NA,CHIFUNFU
761,MWANZA,NYAMAGANA,NA,PAMBA
762,RUKWA,MPANDA,NA,MACHIMBONI
763,MWANZA,KWIMBA,NA,MWAMALA
764,TABORA,URAMBO,NA,UKUMBISONGA
765,TABORA,URAMBO,NA,UKONDAMOYO
766,SHINYANGA,KAHAMA,NA,BULIGE
767,MWANZA,SENGEREMA,NA,BUZILASOGA
768,MWANZA,SENGEREMA,NA,NYEHUNGE
769,MWANZA,SENGEREMA,NA,KALEBEZO
770,KAGERA,BIHARAMULO,NA,MUGANZA
771,MWANZA,ILEMELA,NA,BUTIMBA
772,MWANZA,GEITA,NA,LWAMGASA
773,KAGERA,BIHARAMULO,NA,CHATO
774,MWANZA,GEITA,NA,NYAKAMWAGA
775,MARA,MUSOMA RURAL,NA,KIRIBA
776,MARA,MUSOMA URBAN,NA,BWERI
777,MWANZA,KWIMBA,NA,MWANDU
778,TABORA,UYUI,NA,NDONO
779,MWANZA,MISUNGWI,NA,MISSUNGWI
780,MWANZA,KWIMBA,NA,NG'HUNDI
781,MWANZA,UKEREWE,NA,NDURUMA
782,SHINYANGA,SHINYANGA RURAL,NA,IMESELA
783,MWANZA,GEITA,NA,KASAMWA
784,MWANZA,SENGEREMA,NA,KATUNGURU
785,MWANZA,ILEMELA,NA,BUHONGWA
786,MARA,TARIME,NA,MATONGO
787,MARA,MUSOMA RURAL,NA,BUKABWA
788,MARA,MUSOMA RURAL,NA,BUSWAHILI
789,KAGERA,BUKOBA RURAL,NA,MIKONI
790,MARA,BUNDA,NA,MCHARO
791,MARA,SERENGETI,NA,NYAMATARE
792,MARA,MUSOMA RURAL,NA,MASABA
793,MOROGORO,KILOMBERO,NA,CHITA
794,MANYARA,HANANG,NA,NANGWA
795,SINGIDA,SINGIDA RURAL,NA,KINYETO
796,MANYARA,HANANG,NA,GENDABI
797,MANYARA,HANANG,NA,BASSOTU
798,MANYARA,MBULU,NA,YAEDA CHINI
799,KILIMANJARO,MOSHI RURAL,NA,KIBOSHO KATI
800,TANGA,HANDENI,NA,MISIMA
801,MANYARA,SIMANJIRO,NA,OLJORO
802,MANYARA,SIMANJIRO,NA,ORKESUMET
803,ARUSHA,ARUMERU,NA,MATEVES
804,ARUSHA,ARUSHA,NA,ELERAI
805,MANYARA,SIMANJIRO,NA,LOIBOR-SIRET
806,TANGA,TANGA,NA,TONGONI
807,IRINGA,IRINGA URBAN,NA,RUAHA
808,TANGA,TANGA,NA,MABAWA
809,PWANI,RUFIJI,NA,MBWARA
